{
  "series": "SAHMREALTIME",
  "threshold": 0.5,
  "trigger_precision": 0.4011299435028249,
  "trigger_recall": 0.7473684210526316,
  "trigger_auc": 0.8722971959814065,
  "n": 797,
  "recession_months": 95
}