{
  "estimator": "XGBClassifier",
  "feature_importance": {
    "F1": 0.6771,
    "sahm": 0.1433,
    "spread": 0.0862,
    "F2": 0.0605,
    "F3": 0.0329
  },
  "in_sample_auc": 0.852337351742933,
  "in_sample_brier": 0.11946408171705741,
  "note": "In-sample only; OOS skill is reported by backtest.py."
}