{
  "n_features": 69,
  "n_selected": 14,
  "top_selected": {
    "MANEMP_l0": -1.6824,
    "INDPRO_l0": -0.6632,
    "FEDFUNDS_l0": -0.5669,
    "FEDFUNDS_l2": -0.5503,
    "PERMIT_l0": -0.5245,
    "BAA_l1": 0.1377,
    "FEDFUNDS_l1": -0.1344,
    "CUMFNS_l1": -0.1039,
    "INDPRO_l2": -0.0887,
    "BAA_l2": 0.0614,
    "MANEMP_l1": -0.06,
    "CUMFNS_l0": -0.0581,
    "W875RX1_l0": -0.0295,
    "CES0600000007_l0": -0.0134
  },
  "in_sample_auc": 0.840240409349407,
  "in_sample_brier": 0.29983411685840716
}