{
  "n_features": 69,
  "n_selected": 14,
  "top_selected": {
    "MANEMP_l0": -1.6824,
    "INDPRO_l0": -0.6621,
    "FEDFUNDS_l0": -0.5669,
    "FEDFUNDS_l2": -0.5504,
    "PERMIT_l0": -0.5246,
    "BAA_l1": 0.1378,
    "FEDFUNDS_l1": -0.1343,
    "CUMFNS_l1": -0.1035,
    "INDPRO_l2": -0.0886,
    "BAA_l2": 0.0613,
    "MANEMP_l1": -0.0605,
    "CUMFNS_l0": -0.0597,
    "W875RX1_l0": -0.0294,
    "CES0600000007_l0": -0.0133
  },
  "in_sample_auc": 0.840146553761871,
  "in_sample_brier": 0.2998222925224345
}